letter,_10_Flexibility_for_no_rigid_neighbours_Karplus_&_Schulz_1985,_11_Flexibility_for_one_rigid_neighbour_Karplus_&_Schulz_1985,_12_Average_accessibility_surface_area_Janin_et_al_1978,_13_Flexibility_for_two_rigid_neighbours_Karplus_&_Schulz_1985,_14_Hydrophobicity_Eisenberg_et_al_1984,_15_Accessible_surface_area_in_the_standard_state_Rose_et_al_1985,_16_Average_accessible_surface_area_in_folded_proteins_Rose_et_al_1985,_17_Average_surrounding_hydrophobicity_Manavalan_and_Ponnuswamy_1978,_18_Hydrophilicity_Hopp_and_Woods_1981,_19_Hydropathy_Kyte_and_Doolittle_1982,_1_Free_energy_of_transfer_to_surface_Bull_&_Breese_1974,_20_Hydrophilicity_from_HPLC_Parker_et_al_1986,_21_Hydrophobicity_Jones_1975,_22_Refractivity_Jones_1975,_23_Percentage_of_buried_residues_Janin_et_al_1978,_24_Normalized_frequency_of_alpha-helix_with_weights_Levitt_1978,_25_Normalized_frequency_of_beta-sheet_with_weights_Levitt_1978,_26_Normalized_frequency_for_reverse_turn_with_weights_Levitt_1978,_27_Percentage_of_exposed_residues_Janin_et_al_1978,_28_Hydrophobic_index_Ponnuswamy_et_al_1980,_29_Hydrophobicity_in_folded_form_Ponnuswamy_et_al_1980,_2_Surrounding_hydrophobicity_in_alpha-helix_Ponnuswamy_et_al_1980,_30_Hydrophobicity_in_unfolded_form_Ponnuswamy_et_al_1980,_31_Hydrophobicity_gain_Ponnuswamy_et_al_1980,_32_Polarity_Ponnuswamy_et_al_1980,_33_Average_isotopic_mass_Biemann,_1990,_34_Isoelectric_point_Zimmerman_et_al,_1968,_35_pK_of_side_chain_White_et_al,_1978,_36_Energy_of_transfer_from_water_to_ethanol_kcal/mol_Nozaki_&_Tanford,_1971,_3_Surrounding_hydrophobicity_in_beta-sheet_Ponnuswamy_et_al_1980,_4_Surrounding_hydrophobicity_in_beta-turn_Ponnuswamy_et_al_1980,_5_Accessibility_reduction_ratio_Ponnuswamy_et_al_1980,_6_Average_number_of_surrounding_residues_Ponnuswamy_et_al_1980,_7_Volume_Chothia_1984,_8_Local_flexibility_Ragone_et_al_1989,_9_Flexibility_Bhaskaran_and_Ponnuswamy_1988,
A,10.0,11.0,12.0,13.0,14.0,15.0,16.0,17.0,18.0,19.0,1.0,20.0,21.0,22.0,23.0,24.0,25.0,26.0,27.0,28.0,29.0,2.0,30.0,31.0,32.0,33.0,34.0,35.0,36.0,3.0,4.0,5.0,6.0,7.0,8.0,9.0,
R,1.041,0.946,27.8,0.892,0.25,118.1,31.5,12.97,-0.5,1.8,610.0,2.1,0.87,4.34,51.0,1.29,0.9,0.78,15.0,0.87,12.28,13.65,4.66,2.63,0.0,70.079,6.0,0.0,-0.5,14.6,10.67,3.7,6.05,91.5,705.42,0.357,
N,1.038,1.028,94.7,0.901,-1.76,256.0,93.8,11.72,3.0,-4.5,690.0,4.2,0.85,26.66,5.0,0.96,0.99,0.88,67.0,0.85,11.49,11.28,4.68,2.45,52.0,156.188,10.76,12.48,-0.1,13.24,11.05,2.53,5.7,202.0,1484.28,0.529,
D,1.117,1.006,60.1,0.93,-0.64,165.5,62.2,11.42,0.2,-3.5,890.0,7.0,0.09,13.28,22.0,0.9,0.76,1.28,49.0,0.09,11.0,12.24,4.87,2.27,3.38,114.104,5.41,0.0,0.11,11.79,10.85,2.12,5.04,135.2,513.4601,0.463,
C,1.033,1.089,60.6,0.932,-0.72,158.7,60.9,10.85,3.0,-3.5,610.0,10.0,0.66,12.0,19.0,1.04,0.72,1.41,50.0,0.66,10.97,10.98,4.79,2.29,40.7,115.089,2.77,3.65,-0.2,13.78,10.21,2.6,4.95,124.5,34.96,0.511,
Q,0.96,0.878,15.5,0.925,0.04,146.1,13.9,14.64,-1.0,2.5,360.0,1.4,1.52,35.77,74.0,1.11,0.74,0.8,5.0,1.52,14.93,14.49,4.0,3.36,1.48,103.144,5.05,8.18,-0.5,15.9,14.15,3.03,7.86,118.0,2412.5601,0.346,
E,1.165,1.028,68.7,0.885,-0.69,193.2,74.0,11.76,0.2,-3.5,970.0,6.0,0.0,17.56,16.0,1.27,0.8,0.97,56.0,0.0,11.28,11.3,4.61,2.45,3.53,128.131,5.65,0.0,0.2,12.02,11.71,2.7,5.45,161.1,1087.83,0.493,
G,1.094,1.036,68.2,0.933,-0.62,186.2,72.3,11.89,3.0,-3.5,510.0,7.8,0.67,17.26,16.0,1.44,0.75,1.0,55.0,0.67,11.19,12.55,4.81,2.31,49.91,129.116,3.22,4.25,-0.3,13.59,11.71,3.3,5.1,155.1,1158.66,0.497,
H,1.142,1.042,24.5,0.923,0.16,88.1,25.2,12.43,0.0,-0.4,810.0,5.7,0.1,0.0,52.0,0.56,0.92,1.64,10.0,0.1,12.01,15.36,4.7,2.55,0.0,57.052,5.97,0.0,0.0,14.18,10.95,3.13,6.16,66.4,33.18,0.544,
I,0.982,0.952,50.7,0.894,-0.4,202.5,46.7,12.16,-0.5,-3.2,690.0,2.1,0.87,21.81,34.0,1.22,1.08,0.69,34.0,0.8,12.84,11.59,4.99,2.57,51.6,137.142,7.59,6.0,-0.4,15.35,12.07,3.57,5.8,167.3,1637.13,0.323,
L,1.002,0.892,22.8,0.872,0.73,181.0,23.0,15.67,-1.8,4.5,-1450.0,-8.0,3.15,19.06,66.0,0.97,1.45,0.51,13.0,3.15,14.77,14.63,4.78,3.08,0.15,113.16,6.02,0.0,-2.0,14.1,12.95,7.69,7.51,168.8,5979.3701,0.462,
K,0.967,0.961,27.6,0.921,0.53,193.1,29.0,14.9,-1.8,3.8,-1650.0,-9.2,2.17,18.78,60.0,1.3,1.02,0.59,16.0,2.17,14.1,14.01,4.73,2.98,0.45,113.16,5.98,0.0,-2.0,16.49,13.07,5.88,7.37,167.9,4985.73,0.365,
M,1.093,1.082,103.0,1.057,-1.1,225.8,110.3,11.36,3.0,-3.9,460.0,5.7,1.64,21.29,3.0,1.23,0.77,0.96,85.0,1.64,10.8,11.96,5.08,2.12,49.5,128.174,9.74,10.53,-0.3,13.28,9.93,1.79,4.88,171.3,699.69,0.466,
F,0.947,0.862,33.5,0.804,0.26,203.4,30.5,14.39,-1.3,1.9,-660.0,-4.2,1.67,21.64,52.0,1.47,0.97,0.39,20.0,1.67,14.33,13.4,4.5,3.18,1.43,131.198,5.74,0.0,-1.3,16.23,15.0,5.21,6.39,170.8,4491.6602,0.295,
P,0.93,0.912,25.5,0.914,0.61,222.8,28.7,14.0,-2.5,2.8,-1520.0,-9.2,2.87,29.4,58.0,1.07,1.32,0.58,10.0,2.87,13.43,14.08,4.44,3.02,0.35,147.177,5.48,0.0,-2.5,14.18,13.27,6.6,6.62,203.4,5203.8599,0.314,
S,1.055,1.085,51.5,0.932,-0.07,146.8,53.7,11.37,0.0,-1.6,-170.0,2.1,2.77,10.93,25.0,0.52,0.64,1.91,45.0,2.77,11.19,11.51,4.55,2.46,1.58,97.177,6.3,0.0,-1.0,14.1,10.62,2.12,5.65,129.3,431.96,0.509,
T,1.169,1.048,42.0,0.923,-0.26,129.8,44.2,11.23,0.3,-0.8,420.0,6.5,0.07,6.35,35.0,0.82,0.95,1.33,32.0,0.07,11.26,11.26,4.33,2.6,1.67,87.078,5.68,0.0,-0.2,13.36,11.18,2.43,5.53,99.1,174.76,0.507,
W,1.073,1.051,45.0,0.934,-0.18,152.5,46.0,11.69,-0.4,-0.7,290.0,5.2,0.07,11.01,30.0,0.82,1.21,1.03,32.0,0.07,11.65,13.0,4.75,2.55,1.66,101.105,5.66,0.0,-0.4,14.5,10.53,2.6,5.81,122.1,601.88,0.444,
Y,0.925,0.917,34.7,0.803,0.37,266.3,41.7,13.93,-3.4,-0.9,-1200.0,-10.0,3.77,42.53,49.0,0.99,1.14,0.75,17.0,3.77,12.95,12.06,4.54,2.85,2.1,186.213,5.89,0.0,-3.0,13.9,11.41,6.25,6.98,237.6,6374.0698,0.305,
V,0.961,0.93,55.2,0.837,0.02,236.8,59.1,13.42,-2.3,-1.3,-1430.0,-1.9,2.67,31.53,24.0,0.72,1.25,1.05,41.0,2.67,13.29,12.64,4.76,2.79,1.61,163.17,5.66,10.7,-2.2,14.76,11.52,3.03,6.73,203.6,4291.1001,0.42,
