"","propertyname","code","description"
"1","ANDN920101","Prop001","alpha-CH chemical shifts (Andersen et al., 1992)"
"2","ARGP820101","Prop002","Hydrophobicity index (Argos et al., 1982)"
"3","ARGP820102","Prop003","Signal sequence helical potential (Argos et al., 1982)"
"4","ARGP820103","Prop004","Membrane-buried preference parameters (Argos et al., 1982)"
"5","AURR980101","Prop403","Normalized positional residue frequency at helix termini N4'(Aurora-Rose, 1998)"
"6","AURR980102","Prop404","Normalized positional residue frequency at helix termini N""' (Aurora-Rose, 1998)"
"7","AURR980103","Prop405","Normalized positional residue frequency at helix termini N"" (Aurora-Rose, 1998)"
"8","AURR980104","Prop406","Normalized positional residue frequency at helix termini N'(Aurora-Rose, 1998)"
"9","AURR980105","Prop407","Normalized positional residue frequency at helix termini Nc (Aurora-Rose, 1998)"
"10","AURR980106","Prop408","Normalized positional residue frequency at helix termini N1 (Aurora-Rose, 1998)"
"11","AURR980107","Prop409","Normalized positional residue frequency at helix termini N2 (Aurora-Rose, 1998)"
"12","AURR980108","Prop410","Normalized positional residue frequency at helix termini N3 (Aurora-Rose, 1998)"
"13","AURR980109","Prop411","Normalized positional residue frequency at helix termini N4 (Aurora-Rose, 1998)"
"14","AURR980110","Prop412","Normalized positional residue frequency at helix termini N5 (Aurora-Rose, 1998)"
"15","AURR980111","Prop413","Normalized positional residue frequency at helix termini C5 (Aurora-Rose, 1998)"
"16","AURR980112","Prop414","Normalized positional residue frequency at helix termini C4 (Aurora-Rose, 1998)"
"17","AURR980113","Prop415","Normalized positional residue frequency at helix termini C3 (Aurora-Rose, 1998)"
"18","AURR980114","Prop416","Normalized positional residue frequency at helix termini C2 (Aurora-Rose, 1998)"
"19","AURR980115","Prop417","Normalized positional residue frequency at helix termini C1 (Aurora-Rose, 1998)"
"20","AURR980116","Prop418","Normalized positional residue frequency at helix termini Cc (Aurora-Rose, 1998)"
"21","AURR980117","Prop419","Normalized positional residue frequency at helix termini C' (Aurora-Rose, 1998)"
"22","AURR980118","Prop420","Normalized positional residue frequency at helix termini C"" (Aurora-Rose, 1998)"
"23","AURR980119","Prop421","Normalized positional residue frequency at helix termini C""' (Aurora-Rose, 1998)"
"24","AURR980120","Prop422","Normalized positional residue frequency at helix termini C4' (Aurora-Rose, 1998)"
"25","AVBF000101","Prop473","Screening coefficients gamma, local (Avbelj, 2000)"
"26","AVBF000102","Prop474","Screening coefficients gamma, non-local (Avbelj, 2000)"
"27","AVBF000103","Prop475","Slopes tripeptide, FDPB VFF neutral (Avbelj, 2000)"
"28","AVBF000104","Prop476","Slopes tripeptides, LD VFF neutral (Avbelj, 2000)"
"29","AVBF000105","Prop477","Slopes tripeptide, FDPB VFF noside (Avbelj, 2000)"
"30","AVBF000106","Prop478","Slopes tripeptide FDPB VFF all (Avbelj, 2000)"
"31","AVBF000107","Prop479","Slopes tripeptide FDPB PARSE neutral (Avbelj, 2000)"
"32","AVBF000108","Prop480","Slopes dekapeptide, FDPB VFF neutral (Avbelj, 2000)"
"33","AVBF000109","Prop481","Slopes proteins, FDPB VFF neutral (Avbelj, 2000)"
"34","BAEK050101","Prop513","Linker index (Bae et al., 2005)"
"35","BASU050101","Prop495","Interactivity scale obtained from the contact matrix (Bastolla et al., 2005)"
"36","BASU050102","Prop496","Interactivity scale obtained by maximizing the mean of correlation coefficient over single-domain globular proteins (Bastolla et al., 2005)"
"37","BASU050103","Prop497","Interactivity scale obtained by maximizing the mean of correlation coefficient over pairs of sequences sharing the TIM barrel fold (Bastolla et al., 2005)"
"38","BEGF750101","Prop005","Conformational parameter of inner helix (Beghin-Dirkx, 1975)"
"39","BEGF750102","Prop006","Conformational parameter of beta-structure (Beghin-Dirkx, 1975)"
"40","BEGF750103","Prop007","Conformational parameter of beta-turn (Beghin-Dirkx, 1975)"
"41","BHAR880101","Prop008","Average flexibility indices (Bhaskaran-Ponnuswamy, 1988)"
"42","BIGC670101","Prop009","Residue volume (Bigelow, 1967)"
"43","BIOV880101","Prop010","Information value for accessibility; average fraction 35% (Biou et al., 1988)"
"44","BIOV880102","Prop011","Information value for accessibility; average fraction 23% (Biou et al., 1988)"
"45","BLAM930101","Prop437","Alpha helix propensity of position 44 in T4 lysozyme (Blaber et al., 1993)"
"46","BLAS910101","Prop528","Scaled side chain hydrophobicity values (Black-Mould, 1991)"
"47","BROC820101","Prop012","Retention coefficient in TFA (Browne et al., 1982)"
"48","BROC820102","Prop013","Retention coefficient in HFBA (Browne et al., 1982)"
"49","BULH740101","Prop014","Transfer free energy to surface (Bull-Breese, 1974)"
"50","BULH740102","Prop015","Apparent partial specific volume (Bull-Breese, 1974)"
"51","BUNA790101","Prop016","alpha-NH chemical shifts (Bundi-Wuthrich, 1979)"
"52","BUNA790102","Prop017","alpha-CH chemical shifts (Bundi-Wuthrich, 1979)"
"53","BUNA790103","Prop018","Spin-spin coupling constants 3JHalpha-NH (Bundi-Wuthrich, 1979)"
"54","BURA740101","Prop019","Normalized frequency of alpha-helix (Burgess et al., 1974)"
"55","BURA740102","Prop020","Normalized frequency of extended structure (Burgess et al., 1974)"
"56","CASG920101","Prop529","Hydrophobicity scale from native protein structures (Casari-Sippl, 1992)"
"57","CEDJ970101","Prop456","Composition of amino acids in extracellular proteins (percent) (Cedano et al., 1997)"
"58","CEDJ970102","Prop457","Composition of amino acids in anchored proteins (percent) (Cedano et al., 1997)"
"59","CEDJ970103","Prop458","Composition of amino acids in membrane proteins (percent) (Cedano et al., 1997)"
"60","CEDJ970104","Prop459","Composition of amino acids in intracellular proteins (percent) (Cedano et al., 1997)"
"61","CEDJ970105","Prop460","Composition of amino acids in nuclear proteins (percent) (Cedano et al., 1997)"
"62","CHAM810101","Prop021","Steric parameter (Charton, 1981)"
"63","CHAM820101","Prop022","Polarizability parameter (Charton-Charton, 1982)"
"64","CHAM820102","Prop023","Free energy of solution in water, kcal/mole (Charton-Charton, 1982)"
"65","CHAM830101","Prop024","The Chou-Fasman parameter of the coil conformation (Charton-Charton, 1983)"
"66","CHAM830102","Prop025","A parameter defined from the residuals obtained from the best correlation of the Chou-Fasman parameter of beta-sheet (Charton-Charton, 1983)"
"67","CHAM830103","Prop026","The number of atoms in the side chain labelled 1+1 (Charton-Charton, 1983)"
"68","CHAM830104","Prop027","The number of atoms in the side chain labelled 2+1 (Charton-Charton, 1983)"
"69","CHAM830105","Prop028","The number of atoms in the side chain labelled 3+1 (Charton-Charton, 1983)"
"70","CHAM830106","Prop029","The number of bonds in the longest chain (Charton-Charton, 1983)"
"71","CHAM830107","Prop030","A parameter of charge transfer capability (Charton-Charton, 1983)"
"72","CHAM830108","Prop031","A parameter of charge transfer donor capability (Charton-Charton, 1983)"
"73","CHOC750101","Prop032","Average volume of buried residue (Chothia, 1975)"
"74","CHOC760101","Prop033","Residue accessible surface area in tripeptide (Chothia, 1976)"
"75","CHOC760102","Prop034","Residue accessible surface area in folded protein (Chothia, 1976)"
"76","CHOC760103","Prop035","Proportion of residues 95% buried (Chothia, 1976)"
"77","CHOC760104","Prop036","Proportion of residues 100% buried (Chothia, 1976)"
"78","CHOP780101","Prop037","Normalized frequency of beta-turn (Chou-Fasman, 1978a)"
"79","CHOP780201","Prop038","Normalized frequency of alpha-helix (Chou-Fasman, 1978b)"
"80","CHOP780202","Prop039","Normalized frequency of beta-sheet (Chou-Fasman, 1978b)"
"81","CHOP780203","Prop040","Normalized frequency of beta-turn (Chou-Fasman, 1978b)"
"82","CHOP780204","Prop041","Normalized frequency of N-terminal helix (Chou-Fasman, 1978b)"
"83","CHOP780205","Prop042","Normalized frequency of C-terminal helix (Chou-Fasman, 1978b)"
"84","CHOP780206","Prop043","Normalized frequency of N-terminal non helical region (Chou-Fasman, 1978b)"
"85","CHOP780207","Prop044","Normalized frequency of C-terminal non helical region (Chou-Fasman, 1978b)"
"86","CHOP780208","Prop045","Normalized frequency of N-terminal beta-sheet (Chou-Fasman, 1978b)"
"87","CHOP780209","Prop046","Normalized frequency of C-terminal beta-sheet (Chou-Fasman, 1978b)"
"88","CHOP780210","Prop047","Normalized frequency of N-terminal non beta region (Chou-Fasman, 1978b)"
"89","CHOP780211","Prop048","Normalized frequency of C-terminal non beta region (Chou-Fasman, 1978b)"
"90","CHOP780212","Prop049","Frequency of the 1st residue in turn (Chou-Fasman, 1978b)"
"91","CHOP780213","Prop050","Frequency of the 2nd residue in turn (Chou-Fasman, 1978b)"
"92","CHOP780214","Prop051","Frequency of the 3rd residue in turn (Chou-Fasman, 1978b)"
"93","CHOP780215","Prop052","Frequency of the 4th residue in turn (Chou-Fasman, 1978b)"
"94","CHOP780216","Prop053","Normalized frequency of the 2nd and 3rd residues in turn (Chou-Fasman, 1978b)"
"95","CIDH920101","Prop054","Normalized hydrophobicity scales for alpha-proteins (Cid et al., 1992)"
"96","CIDH920102","Prop055","Normalized hydrophobicity scales for beta-proteins (Cid et al., 1992)"
"97","CIDH920103","Prop056","Normalized hydrophobicity scales for alpha+beta-proteins (Cid et al., 1992)"
"98","CIDH920104","Prop057","Normalized hydrophobicity scales for alpha/beta-proteins (Cid et al., 1992)"
"99","CIDH920105","Prop058","Normalized average hydrophobicity scales (Cid et al., 1992)"
"100","COHE430101","Prop059","Partial specific volume (Cohn-Edsall, 1943)"
"101","CORJ870101","Prop530","NNEIG index (Cornette et al., 1987)"
"102","CORJ870102","Prop531","SWEIG index (Cornette et al., 1987)"
"103","CORJ870103","Prop532","PRIFT index (Cornette et al., 1987)"
"104","CORJ870104","Prop533","PRILS index (Cornette et al., 1987)"
"105","CORJ870105","Prop534","ALTFT index (Cornette et al., 1987)"
"106","CORJ870106","Prop535","ALTLS index (Cornette et al., 1987)"
"107","CORJ870107","Prop536","TOTFT index (Cornette et al., 1987)"
"108","CORJ870108","Prop537","TOTLS index (Cornette et al., 1987)"
"109","COSI940101","Prop486","Electron-ion interaction potential values (Cosic, 1994)"
"110","COWR900101","Prop527","Hydrophobicity index, 3.0 pH (Cowan-Whittaker, 1990)"
"111","CRAJ730101","Prop060","Normalized frequency of middle helix (Crawford et al., 1973)"
"112","CRAJ730102","Prop061","Normalized frequency of beta-sheet (Crawford et al., 1973)"
"113","CRAJ730103","Prop062","Normalized frequency of turn (Crawford et al., 1973)"
"114","DAWD720101","Prop063","Size (Dawson, 1972)"
"115","DAYM780101","Prop064","Amino acid composition (Dayhoff et al., 1978a)"
"116","DAYM780201","Prop065","Relative mutability (Dayhoff et al., 1978b)"
"117","DESM900101","Prop066","Membrane preference for cytochrome b: MPH89 (Degli Esposti et al., 1990)"
"118","DESM900102","Prop067","Average membrane preference: AMP07 (Degli Esposti et al., 1990)"
"119","DIGM050101","Prop516","Hydrostatic pressure asymmetry index, PAI (Di Giulio, 2005)"
"120","EISD840101","Prop068","Consensus normalized hydrophobicity scale (Eisenberg, 1984)"
"121","EISD860101","Prop069","Solvation free energy (Eisenberg-McLachlan, 1986)"
"122","EISD860102","Prop070","Atom-based hydrophobic moment (Eisenberg-McLachlan, 1986)"
"123","EISD860103","Prop071","Direction of hydrophobic moment (Eisenberg-McLachlan, 1986)"
"124","ENGD860101","Prop543","Hydrophobicity index (Engelman et al., 1986)"
"125","FASG760101","Prop072","Molecular weight (Fasman, 1976)"
"126","FASG760102","Prop073","Melting point (Fasman, 1976)"
"127","FASG760103","Prop074","Optical rotation (Fasman, 1976)"
"128","FASG760104","Prop075","pK-N (Fasman, 1976)"
"129","FASG760105","Prop076","pK-C (Fasman, 1976)"
"130","FASG890101","Prop544","Hydrophobicity index (Fasman, 1989)"
"131","FAUJ830101","Prop077","Hydrophobic parameter pi (Fauchere-Pliska, 1983)"
"132","FAUJ880101","Prop078","Graph shape index (Fauchere et al., 1988)"
"133","FAUJ880102","Prop079","Smoothed upsilon steric parameter (Fauchere et al., 1988)"
"134","FAUJ880103","Prop080","Normalized van der Waals volume (Fauchere et al., 1988)"
"135","FAUJ880104","Prop081","STERIMOL length of the side chain (Fauchere et al., 1988)"
"136","FAUJ880105","Prop082","STERIMOL minimum width of the side chain (Fauchere et al., 1988)"
"137","FAUJ880106","Prop083","STERIMOL maximum width of the side chain (Fauchere et al., 1988)"
"138","FAUJ880107","Prop084","N.m.r. chemical shift of alpha-carbon (Fauchere et al., 1988)"
"139","FAUJ880108","Prop085","Localized electrical effect (Fauchere et al., 1988)"
"140","FAUJ880109","Prop086","Number of hydrogen bond donors (Fauchere et al., 1988)"
"141","FAUJ880110","Prop087","Number of full nonbonding orbitals (Fauchere et al., 1988)"
"142","FAUJ880111","Prop088","Positive charge (Fauchere et al., 1988)"
"143","FAUJ880112","Prop089","Negative charge (Fauchere et al., 1988)"
"144","FAUJ880113","Prop090","pK-a(RCOOH) (Fauchere et al., 1988)"
"145","FINA770101","Prop091","Helix-coil equilibrium constant (Finkelstein-Ptitsyn, 1977)"
"146","FINA910101","Prop092","Helix initiation parameter at posision i-1 (Finkelstein et al., 1991)"
"147","FINA910102","Prop093","Helix initiation parameter at posision i,i+1,i+2 (Finkelstein et al., 1991)"
"148","FINA910103","Prop094","Helix termination parameter at posision j-2,j-1,j (Finkelstein et al., 1991)"
"149","FINA910104","Prop095","Helix termination parameter at posision j+1 (Finkelstein et al., 1991)"
"150","FODM020101","Prop445","Propensity of amino acids within pi-helices (Fodje-Al-Karadaghi, 2002)"
"151","FUKS010101","Prop461","Surface composition of amino acids in intracellular proteins of thermophiles (percent) (Fukuchi-Nishikawa, 2001)"
"152","FUKS010102","Prop462","Surface composition of amino acids in intracellular proteins of mesophiles (percent) (Fukuchi-Nishikawa, 2001)"
"153","FUKS010103","Prop463","Surface composition of amino acids in extracellular proteins of mesophiles (percent) (Fukuchi-Nishikawa, 2001)"
"154","FUKS010104","Prop464","Surface composition of amino acids in nuclear proteins (percent) (Fukuchi-Nishikawa, 2001)"
"155","FUKS010105","Prop465","Interior composition of amino acids in intracellular proteins of thermophiles (percent) (Fukuchi-Nishikawa, 2001)"
"156","FUKS010106","Prop466","Interior composition of amino acids in intracellular proteins of mesophiles (percent) (Fukuchi-Nishikawa, 2001)"
"157","FUKS010107","Prop467","Interior composition of amino acids in extracellular proteins of mesophiles (percent) (Fukuchi-Nishikawa, 2001)"
"158","FUKS010108","Prop468","Interior composition of amino acids in nuclear proteins (percent) (Fukuchi-Nishikawa, 2001)"
"159","FUKS010109","Prop469","Entire chain composition of amino acids in intracellular proteins of thermophiles (percent) (Fukuchi-Nishikawa, 2001)"
"160","FUKS010110","Prop470","Entire chain composition of amino acids in intracellular proteins of mesophiles (percent) (Fukuchi-Nishikawa, 2001)"
"161","FUKS010111","Prop471","Entire chain composition of amino acids in extracellular proteins of mesophiles (percent) (Fukuchi-Nishikawa, 2001)"
"162","FUKS010112","Prop472","Entire chain compositino of amino acids in nuclear proteins (percent) (Fukuchi-Nishikawa, 2001)"
"163","GARJ730101","Prop096","Partition coefficient (Garel et al., 1973)"
"164","GEIM800101","Prop097","Alpha-helix indices (Geisow-Roberts, 1980)"
"165","GEIM800102","Prop098","Alpha-helix indices for alpha-proteins (Geisow-Roberts, 1980)"
"166","GEIM800103","Prop099","Alpha-helix indices for beta-proteins (Geisow-Roberts, 1980)"
"167","GEIM800104","Prop100","Alpha-helix indices for alpha/beta-proteins (Geisow-Roberts, 1980)"
"168","GEIM800105","Prop101","Beta-strand indices (Geisow-Roberts, 1980)"
"169","GEIM800106","Prop102","Beta-strand indices for beta-proteins (Geisow-Roberts, 1980)"
"170","GEIM800107","Prop103","Beta-strand indices for alpha/beta-proteins (Geisow-Roberts, 1980)"
"171","GEIM800108","Prop104","Aperiodic indices (Geisow-Roberts, 1980)"
"172","GEIM800109","Prop105","Aperiodic indices for alpha-proteins (Geisow-Roberts, 1980)"
"173","GEIM800110","Prop106","Aperiodic indices for beta-proteins (Geisow-Roberts, 1980)"
"174","GEIM800111","Prop107","Aperiodic indices for alpha/beta-proteins (Geisow-Roberts, 1980)"
"175","GEOR030101","Prop501","Linker propensity from all dataset (George-Heringa, 2003)"
"176","GEOR030102","Prop502","Linker propensity from 1-linker dataset (George-Heringa, 2003)"
"177","GEOR030103","Prop503","Linker propensity from 2-linker dataset (George-Heringa, 2003)"
"178","GEOR030104","Prop504","Linker propensity from 3-linker dataset (George-Heringa, 2003)"
"179","GEOR030105","Prop505","Linker propensity from small dataset (linker length is less than six residues) (George-Heringa, 2003)"
"180","GEOR030106","Prop506","Linker propensity from medium dataset (linker length is between six and 14 residues) (George-Heringa, 2003)"
"181","GEOR030107","Prop507","Linker propensity from long dataset (linker length is greater than 14 residues) (George-Heringa, 2003)"
"182","GEOR030108","Prop508","Linker propensity from helical (annotated by DSSP) dataset (George-Heringa, 2003)"
"183","GEOR030109","Prop509","Linker propensity from non-helical (annotated by DSSP) dataset (George-Heringa, 2003)"
"184","GOLD730101","Prop108","Hydrophobicity factor (Goldsack-Chalifoux, 1973)"
"185","GOLD730102","Prop109","Residue volume (Goldsack-Chalifoux, 1973)"
"186","GRAR740101","Prop110","Composition (Grantham, 1974)"
"187","GRAR740102","Prop111","Polarity (Grantham, 1974)"
"188","GRAR740103","Prop112","Volume (Grantham, 1974)"
"189","GUOD860101","Prop493","Retention coefficient at pH 2 (Guo et al., 1986)"
"190","GUYH850101","Prop113","Partition energy (Guy, 1985)"
"191","GUYH850102","Prop520","Apparent partition energies calculated from Wertz-Scheraga index (Guy, 1985)"
"192","GUYH850103","Prop521","Apparent partition energies calculated from Robson-Osguthorpe index (Guy, 1985)"
"193","GUYH850104","Prop522","Apparent partition energies calculated from Janin index (Guy, 1985)"
"194","GUYH850105","Prop523","Apparent partition energies calculated from Chothia index (Guy, 1985)"
"195","HARY940101","Prop514","Mean volumes of residues buried in protein interiors (Harpaz et al., 1994)"
"196","HOPA770101","Prop114","Hydration number (Hopfinger, 1971), Cited by Charton-Charton (1982)"
"197","HOPT810101","Prop115","Hydrophilicity value (Hopp-Woods, 1981)"
"198","HUTJ700101","Prop116","Heat capacity (Hutchens, 1970)"
"199","HUTJ700102","Prop117","Absolute entropy (Hutchens, 1970)"
"200","HUTJ700103","Prop118","Entropy of formation (Hutchens, 1970)"
"201","ISOY800101","Prop119","Normalized relative frequency of alpha-helix (Isogai et al., 1980)"
"202","ISOY800102","Prop120","Normalized relative frequency of extended structure (Isogai et al., 1980)"
"203","ISOY800103","Prop121","Normalized relative frequency of bend (Isogai et al., 1980)"
"204","ISOY800104","Prop122","Normalized relative frequency of bend R (Isogai et al., 1980)"
"205","ISOY800105","Prop123","Normalized relative frequency of bend S (Isogai et al., 1980)"
"206","ISOY800106","Prop124","Normalized relative frequency of helix end (Isogai et al., 1980)"
"207","ISOY800107","Prop125","Normalized relative frequency of double bend (Isogai et al., 1980)"
"208","ISOY800108","Prop126","Normalized relative frequency of coil (Isogai et al., 1980)"
"209","JACR890101","Prop526","Weights from the IFH scale (Jacobs-White, 1989)"
"210","JANJ780101","Prop127","Average accessible surface area (Janin et al., 1978)"
"211","JANJ780102","Prop128","Percentage of buried residues (Janin et al., 1978)"
"212","JANJ780103","Prop129","Percentage of exposed residues (Janin et al., 1978)"
"213","JANJ790101","Prop130","Ratio of buried and accessible molar fractions (Janin, 1979)"
"214","JANJ790102","Prop131","Transfer free energy (Janin, 1979)"
"215","JOND750101","Prop132","Hydrophobicity (Jones, 1975)"
"216","JOND750102","Prop133","pK (-COOH) (Jones, 1975)"
"217","JOND920101","Prop134","Relative frequency of occurrence (Jones et al., 1992)"
"218","JOND920102","Prop135","Relative mutability (Jones et al., 1992)"
"219","JUKT750101","Prop136","Amino acid distribution (Jukes et al., 1975)"
"220","JUNJ780101","Prop137","Sequence frequency (Jungck, 1978)"
"221","JURD980101","Prop494","Modified Kyte-Doolittle hydrophobicity scale (Juretic et al., 1998)"
"222","KANM800101","Prop138","Average relative probability of helix (Kanehisa-Tsong, 1980)"
"223","KANM800102","Prop139","Average relative probability of beta-sheet (Kanehisa-Tsong, 1980)"
"224","KANM800103","Prop140","Average relative probability of inner helix (Kanehisa-Tsong, 1980)"
"225","KANM800104","Prop141","Average relative probability of inner beta-sheet (Kanehisa-Tsong, 1980)"
"226","KARP850101","Prop142","Flexibility parameter for no rigid neighbors (Karplus-Schulz, 1985)"
"227","KARP850102","Prop143","Flexibility parameter for one rigid neighbor (Karplus-Schulz, 1985)"
"228","KARP850103","Prop144","Flexibility parameter for two rigid neighbors (Karplus-Schulz, 1985)"
"229","KHAG800101","Prop145","The Kerr-constant increments (Khanarian-Moore, 1980)"
"230","KIDA850101","Prop519","Hydrophobicity-related index (Kidera et al., 1985)"
"231","KIMC930101","Prop435","Thermodynamic beta sheet propensity (Kim-Berg, 1993)"
"232","KLEP840101","Prop146","Net charge (Klein et al., 1984)"
"233","KOEP990101","Prop454","Alpha-helix propensity derived from designed sequences (Koehl-Levitt, 1999)"
"234","KOEP990102","Prop455","Beta-sheet propensity derived from designed sequences (Koehl-Levitt, 1999)"
"235","KRIW710101","Prop147","Side chain interaction parameter (Krigbaum-Rubin, 1971)"
"236","KRIW790101","Prop148","Side chain interaction parameter (Krigbaum-Komoriya, 1979)"
"237","KRIW790102","Prop149","Fraction of site occupied by water (Krigbaum-Komoriya, 1979)"
"238","KRIW790103","Prop150","Side chain volume (Krigbaum-Komoriya, 1979)"
"239","KUHL950101","Prop492","Hydrophilicity scale (Kuhn et al., 1995)"
"240","KUMS000101","Prop440","Distribution of amino acid residues in the 18 non-redundant families of thermophilic proteins (Kumar et al., 2000)"
"241","KUMS000102","Prop441","Distribution of amino acid residues in the 18 non-redundant families of mesophilic proteins (Kumar et al., 2000)"
"242","KUMS000103","Prop442","Distribution of amino acid residues in the alpha-helices in thermophilic proteins (Kumar et al., 2000)"
"243","KUMS000104","Prop443","Distribution of amino acid residues in the alpha-helices in mesophilic proteins (Kumar et al., 2000)"
"244","KYTJ820101","Prop151","Hydropathy index (Kyte-Doolittle, 1982)"
"245","LAWE840101","Prop152","Transfer free energy, CHP/water (Lawson et al., 1984)"
"246","LEVM760101","Prop153","Hydrophobic parameter (Levitt, 1976)"
"247","LEVM760102","Prop154","Distance between C-alpha and centroid of side chain (Levitt, 1976)"
"248","LEVM760103","Prop155","Side chain angle theta(AAR) (Levitt, 1976)"
"249","LEVM760104","Prop156","Side chain torsion angle phi(AAAR) (Levitt, 1976)"
"250","LEVM760105","Prop157","Radius of gyration of side chain (Levitt, 1976)"
"251","LEVM760106","Prop158","van der Waals parameter R0 (Levitt, 1976)"
"252","LEVM760107","Prop159","van der Waals parameter epsilon (Levitt, 1976)"
"253","LEVM780101","Prop160","Normalized frequency of alpha-helix, with weights (Levitt, 1978)"
"254","LEVM780102","Prop161","Normalized frequency of beta-sheet, with weights (Levitt, 1978)"
"255","LEVM780103","Prop162","Normalized frequency of reverse turn, with weights (Levitt, 1978)"
"256","LEVM780104","Prop163","Normalized frequency of alpha-helix, unweighted (Levitt, 1978)"
"257","LEVM780105","Prop164","Normalized frequency of beta-sheet, unweighted (Levitt, 1978)"
"258","LEVM780106","Prop165","Normalized frequency of reverse turn, unweighted (Levitt, 1978)"
"259","LEWP710101","Prop166","Frequency of occurrence in beta-bends (Lewis et al., 1971)"
"260","LIFS790101","Prop167","Conformational preference for all beta-strands (Lifson-Sander, 1979)"
"261","LIFS790102","Prop168","Conformational preference for parallel beta-strands (Lifson-Sander, 1979)"
"262","LIFS790103","Prop169","Conformational preference for antiparallel beta-strands (Lifson-Sander, 1979)"
"263","MANP780101","Prop170","Average surrounding hydrophobicity (Manavalan-Ponnuswamy, 1978)"
"264","MAXF760101","Prop171","Normalized frequency of alpha-helix (Maxfield-Scheraga, 1976)"
"265","MAXF760102","Prop172","Normalized frequency of extended structure (Maxfield-Scheraga, 1976)"
"266","MAXF760103","Prop173","Normalized frequency of zeta R (Maxfield-Scheraga, 1976)"
"267","MAXF760104","Prop174","Normalized frequency of left-handed alpha-helix (Maxfield-Scheraga, 1976)"
"268","MAXF760105","Prop175","Normalized frequency of zeta L (Maxfield-Scheraga, 1976)"
"269","MAXF760106","Prop176","Normalized frequency of alpha region (Maxfield-Scheraga, 1976)"
"270","MCMT640101","Prop177","Refractivity (McMeekin et al., 1964), Cited by Jones (1975)"
"271","MEEJ800101","Prop178","Retention coefficient in HPLC, pH7.4 (Meek, 1980)"
"272","MEEJ800102","Prop179","Retention coefficient in HPLC, pH2.1 (Meek, 1980)"
"273","MEEJ810101","Prop180","Retention coefficient in NaClO4 (Meek-Rossetti, 1981)"
"274","MEEJ810102","Prop181","Retention coefficient in NaH2PO4 (Meek-Rossetti, 1981)"
"275","MEIH800101","Prop182","Average reduced distance for C-alpha (Meirovitch et al., 1980)"
"276","MEIH800102","Prop183","Average reduced distance for side chain (Meirovitch et al., 1980)"
"277","MEIH800103","Prop184","Average side chain orientation angle (Meirovitch et al., 1980)"
"278","MITS020101","Prop483","Amphiphilicity index (Mitaku et al., 2002)"
"279","MIYS850101","Prop185","Effective partition energy (Miyazawa-Jernigan, 1985)"
"280","MIYS990101","Prop538","Relative partition energies derived by the Bethe approximation (Miyazawa-Jernigan, 1999)"
"281","MIYS990102","Prop539","Optimized relative partition energies - method A (Miyazawa-Jernigan, 1999)"
"282","MIYS990103","Prop540","Optimized relative partition energies - method B (Miyazawa-Jernigan, 1999)"
"283","MIYS990104","Prop541","Optimized relative partition energies - method C (Miyazawa-Jernigan, 1999)"
"284","MIYS990105","Prop542","Optimized relative partition energies - method D (Miyazawa-Jernigan, 1999)"
"285","MONM990101","Prop436","Turn propensity scale for transmembrane helices (Monne et al., 1999)"
"286","MONM990201","Prop453","Averaged turn propensities in a transmembrane helix (Monne et al., 1999)"
"287","MUNV940101","Prop429","Free energy in alpha-helical conformation (Munoz-Serrano, 1994)"
"288","MUNV940102","Prop430","Free energy in alpha-helical region (Munoz-Serrano, 1994)"
"289","MUNV940103","Prop431","Free energy in beta-strand conformation (Munoz-Serrano, 1994)"
"290","MUNV940104","Prop432","Free energy in beta-strand region (Munoz-Serrano, 1994)"
"291","MUNV940105","Prop433","Free energy in beta-strand region (Munoz-Serrano, 1994)"
"292","NADH010101","Prop446","Hydropathy scale based on self-information values in the two-state model (5% accessibility) (Naderi-Manesh et al., 2001)"
"293","NADH010102","Prop447","Hydropathy scale based on self-information values in the two-state model (9% accessibility) (Naderi-Manesh et al., 2001)"
"294","NADH010103","Prop448","Hydropathy scale based on self-information values in the two-state model (16% accessibility) (Naderi-Manesh et al., 2001)"
"295","NADH010104","Prop449","Hydropathy scale based on self-information values in the two-state model (20% accessibility) (Naderi-Manesh et al., 2001)"
"296","NADH010105","Prop450","Hydropathy scale based on self-information values in the two-state model (25% accessibility) (Naderi-Manesh et al., 2001)"
"297","NADH010106","Prop451","Hydropathy scale based on self-information values in the two-state model (36% accessibility) (Naderi-Manesh et al., 2001)"
"298","NADH010107","Prop452","Hydropathy scale based on self-information values in the two-state model (50% accessibility) (Naderi-Manesh et al., 2001)"
"299","NAGK730101","Prop186","Normalized frequency of alpha-helix (Nagano, 1973)"
"300","NAGK730102","Prop187","Normalized frequency of bata-structure (Nagano, 1973)"
"301","NAGK730103","Prop188","Normalized frequency of coil (Nagano, 1973)"
"302","NAKH900101","Prop189","AA composition of total proteins (Nakashima et al., 1990)"
"303","NAKH900102","Prop190","SD of AA composition of total proteins (Nakashima et al., 1990)"
"304","NAKH900103","Prop191","AA composition of mt-proteins (Nakashima et al., 1990)"
"305","NAKH900104","Prop192","Normalized composition of mt-proteins (Nakashima et al., 1990)"
"306","NAKH900105","Prop193","AA composition of mt-proteins from animal (Nakashima et al., 1990)"
"307","NAKH900106","Prop194","Normalized composition from animal (Nakashima et al., 1990)"
"308","NAKH900107","Prop195","AA composition of mt-proteins from fungi and plant (Nakashima et al., 1990)"
"309","NAKH900108","Prop196","Normalized composition from fungi and plant (Nakashima et al., 1990)"
"310","NAKH900109","Prop197","AA composition of membrane proteins (Nakashima et al., 1990)"
"311","NAKH900110","Prop198","Normalized composition of membrane proteins (Nakashima et al., 1990)"
"312","NAKH900111","Prop199","Transmembrane regions of non-mt-proteins (Nakashima et al., 1990)"
"313","NAKH900112","Prop200","Transmembrane regions of mt-proteins (Nakashima et al., 1990)"
"314","NAKH900113","Prop201","Ratio of average and computed composition (Nakashima et al., 1990)"
"315","NAKH920101","Prop202","AA composition of CYT of single-spanning proteins (Nakashima-Nishikawa, 1992)"
"316","NAKH920102","Prop203","AA composition of CYT2 of single-spanning proteins (Nakashima-Nishikawa, 1992)"
"317","NAKH920103","Prop204","AA composition of EXT of single-spanning proteins (Nakashima-Nishikawa, 1992)"
"318","NAKH920104","Prop205","AA composition of EXT2 of single-spanning proteins (Nakashima-Nishikawa, 1992)"
"319","NAKH920105","Prop206","AA composition of MEM of single-spanning proteins (Nakashima-Nishikawa, 1992)"
"320","NAKH920106","Prop207","AA composition of CYT of multi-spanning proteins (Nakashima-Nishikawa, 1992)"
"321","NAKH920107","Prop208","AA composition of EXT of multi-spanning proteins (Nakashima-Nishikawa, 1992)"
"322","NAKH920108","Prop209","AA composition of MEM of multi-spanning proteins (Nakashima-Nishikawa, 1992)"
"323","NISK800101","Prop210","8 A contact number (Nishikawa-Ooi, 1980)"
"324","NISK860101","Prop211","14 A contact number (Nishikawa-Ooi, 1986)"
"325","NOZY710101","Prop212","Transfer energy, organic solvent/water (Nozaki-Tanford, 1971)"
"326","OLSK800101","Prop518","Average internal preferences (Olsen, 1980)"
"327","ONEK900101","Prop423","Delta G values for the peptides extrapolated to 0 M urea (O'Neil-DeGrado, 1990)"
"328","ONEK900102","Prop424","Helix formation parameters (delta delta G) (O'Neil-DeGrado, 1990)"
"329","OOBM770101","Prop213","Average non-bonded energy per atom (Oobatake-Ooi, 1977)"
"330","OOBM770102","Prop214","Short and medium range non-bonded energy per atom (Oobatake-Ooi, 1977)"
"331","OOBM770103","Prop215","Long range non-bonded energy per atom (Oobatake-Ooi, 1977)"
"332","OOBM770104","Prop216","Average non-bonded energy per residue (Oobatake-Ooi, 1977)"
"333","OOBM770105","Prop217","Short and medium range non-bonded energy per residue (Oobatake-Ooi, 1977)"
"334","OOBM850101","Prop218","Optimized beta-structure-coil equilibrium constant (Oobatake et al., 1985)"
"335","OOBM850102","Prop219","Optimized propensity to form reverse turn (Oobatake et al., 1985)"
"336","OOBM850103","Prop220","Optimized transfer energy parameter (Oobatake et al., 1985)"
"337","OOBM850104","Prop221","Optimized average non-bonded energy per atom (Oobatake et al., 1985)"
"338","OOBM850105","Prop222","Optimized side chain interaction parameter (Oobatake et al., 1985)"
"339","PALJ810101","Prop223","Normalized frequency of alpha-helix from LG (Palau et al., 1981)"
"340","PALJ810102","Prop224","Normalized frequency of alpha-helix from CF (Palau et al., 1981)"
"341","PALJ810103","Prop225","Normalized frequency of beta-sheet from LG (Palau et al., 1981)"
"342","PALJ810104","Prop226","Normalized frequency of beta-sheet from CF (Palau et al., 1981)"
"343","PALJ810105","Prop227","Normalized frequency of turn from LG (Palau et al., 1981)"
"344","PALJ810106","Prop228","Normalized frequency of turn from CF (Palau et al., 1981)"
"345","PALJ810107","Prop229","Normalized frequency of alpha-helix in all-alpha class (Palau et al., 1981)"
"346","PALJ810108","Prop230","Normalized frequency of alpha-helix in alpha+beta class (Palau et al., 1981)"
"347","PALJ810109","Prop231","Normalized frequency of alpha-helix in alpha/beta class (Palau et al., 1981)"
"348","PALJ810110","Prop232","Normalized frequency of beta-sheet in all-beta class (Palau et al., 1981)"
"349","PALJ810111","Prop233","Normalized frequency of beta-sheet in alpha+beta class (Palau et al., 1981)"
"350","PALJ810112","Prop234","Normalized frequency of beta-sheet in alpha/beta class (Palau et al., 1981)"
"351","PALJ810113","Prop235","Normalized frequency of turn in all-alpha class (Palau et al., 1981)"
"352","PALJ810114","Prop236","Normalized frequency of turn in all-beta class (Palau et al., 1981)"
"353","PALJ810115","Prop237","Normalized frequency of turn in alpha+beta class (Palau et al., 1981)"
"354","PALJ810116","Prop238","Normalized frequency of turn in alpha/beta class (Palau et al., 1981)"
"355","PARJ860101","Prop239","HPLC parameter (Parker et al., 1986)"
"356","PARS000101","Prop438","p-Values of mesophilic proteins based on the distributions of B values (Parthasarathy-Murthy, 2000)"
"357","PARS000102","Prop439","p-Values of thermophilic proteins based on the distributions of B values (Parthasarathy-Murthy, 2000)"
"358","PLIV810101","Prop240","Partition coefficient (Pliska et al., 1981)"
"359","PONJ960101","Prop515","Average volumes of residues (Pontius et al., 1996)"
"360","PONP800101","Prop241","Surrounding hydrophobicity in folded form (Ponnuswamy et al., 1980)"
"361","PONP800102","Prop242","Average gain in surrounding hydrophobicity (Ponnuswamy et al., 1980)"
"362","PONP800103","Prop243","Average gain ratio in surrounding hydrophobicity (Ponnuswamy et al., 1980)"
"363","PONP800104","Prop244","Surrounding hydrophobicity in alpha-helix (Ponnuswamy et al., 1980)"
"364","PONP800105","Prop245","Surrounding hydrophobicity in beta-sheet (Ponnuswamy et al., 1980)"
"365","PONP800106","Prop246","Surrounding hydrophobicity in turn (Ponnuswamy et al., 1980)"
"366","PONP800107","Prop247","Accessibility reduction ratio (Ponnuswamy et al., 1980)"
"367","PONP800108","Prop248","Average number of surrounding residues (Ponnuswamy et al., 1980)"
"368","PONP930101","Prop487","Hydrophobicity scales (Ponnuswamy, 1993)"
"369","PRAM820101","Prop249","Intercept in regression analysis (Prabhakaran-Ponnuswamy, 1982)"
"370","PRAM820102","Prop250","Slope in regression analysis x 1.0E1 (Prabhakaran-Ponnuswamy, 1982)"
"371","PRAM820103","Prop251","Correlation coefficient in regression analysis (Prabhakaran-Ponnuswamy, 1982)"
"372","PRAM900101","Prop252","Hydrophobicity (Prabhakaran, 1990)"
"373","PRAM900102","Prop253","Relative frequency in alpha-helix (Prabhakaran, 1990)"
"374","PRAM900103","Prop254","Relative frequency in beta-sheet (Prabhakaran, 1990)"
"375","PRAM900104","Prop255","Relative frequency in reverse-turn (Prabhakaran, 1990)"
"376","PTIO830101","Prop256","Helix-coil equilibrium constant (Ptitsyn-Finkelstein, 1983)"
"377","PTIO830102","Prop257","Beta-coil equilibrium constant (Ptitsyn-Finkelstein, 1983)"
"378","PUNT030101","Prop499","Knowledge-based membrane-propensity scale from 1D_Helix in MPtopo databases (Punta-Maritan, 2003)"
"379","PUNT030102","Prop500","Knowledge-based membrane-propensity scale from 3D_Helix in MPtopo databases (Punta-Maritan, 2003)"
"380","QIAN880101","Prop258","Weights for alpha-helix at the window position of -6 (Qian-Sejnowski, 1988)"
"381","QIAN880102","Prop259","Weights for alpha-helix at the window position of -5 (Qian-Sejnowski, 1988)"
"382","QIAN880103","Prop260","Weights for alpha-helix at the window position of -4 (Qian-Sejnowski, 1988)"
"383","QIAN880104","Prop261","Weights for alpha-helix at the window position of -3 (Qian-Sejnowski, 1988)"
"384","QIAN880105","Prop262","Weights for alpha-helix at the window position of -2 (Qian-Sejnowski, 1988)"
"385","QIAN880106","Prop263","Weights for alpha-helix at the window position of -1 (Qian-Sejnowski, 1988)"
"386","QIAN880107","Prop264","Weights for alpha-helix at the window position of 0 (Qian-Sejnowski, 1988)"
"387","QIAN880108","Prop265","Weights for alpha-helix at the window position of 1 (Qian-Sejnowski, 1988)"
"388","QIAN880109","Prop266","Weights for alpha-helix at the window position of 2 (Qian-Sejnowski, 1988)"
"389","QIAN880110","Prop267","Weights for alpha-helix at the window position of 3 (Qian-Sejnowski, 1988)"
"390","QIAN880111","Prop268","Weights for alpha-helix at the window position of 4 (Qian-Sejnowski, 1988)"
"391","QIAN880112","Prop269","Weights for alpha-helix at the window position of 5 (Qian-Sejnowski, 1988)"
"392","QIAN880113","Prop270","Weights for alpha-helix at the window position of 6 (Qian-Sejnowski, 1988)"
"393","QIAN880114","Prop271","Weights for beta-sheet at the window position of -6 (Qian-Sejnowski, 1988)"
"394","QIAN880115","Prop272","Weights for beta-sheet at the window position of -5 (Qian-Sejnowski, 1988)"
"395","QIAN880116","Prop273","Weights for beta-sheet at the window position of -4 (Qian-Sejnowski, 1988)"
"396","QIAN880117","Prop274","Weights for beta-sheet at the window position of -3 (Qian-Sejnowski, 1988)"
"397","QIAN880118","Prop275","Weights for beta-sheet at the window position of -2 (Qian-Sejnowski, 1988)"
"398","QIAN880119","Prop276","Weights for beta-sheet at the window position of -1 (Qian-Sejnowski, 1988)"
"399","QIAN880120","Prop277","Weights for beta-sheet at the window position of 0 (Qian-Sejnowski, 1988)"
"400","QIAN880121","Prop278","Weights for beta-sheet at the window position of 1 (Qian-Sejnowski, 1988)"
"401","QIAN880122","Prop279","Weights for beta-sheet at the window position of 2 (Qian-Sejnowski, 1988)"
"402","QIAN880123","Prop280","Weights for beta-sheet at the window position of 3 (Qian-Sejnowski, 1988)"
"403","QIAN880124","Prop281","Weights for beta-sheet at the window position of 4 (Qian-Sejnowski, 1988)"
"404","QIAN880125","Prop282","Weights for beta-sheet at the window position of 5 (Qian-Sejnowski, 1988)"
"405","QIAN880126","Prop283","Weights for beta-sheet at the window position of 6 (Qian-Sejnowski, 1988)"
"406","QIAN880127","Prop284","Weights for coil at the window position of -6 (Qian-Sejnowski, 1988)"
"407","QIAN880128","Prop285","Weights for coil at the window position of -5 (Qian-Sejnowski, 1988)"
"408","QIAN880129","Prop286","Weights for coil at the window position of -4 (Qian-Sejnowski, 1988)"
"409","QIAN880130","Prop287","Weights for coil at the window position of -3 (Qian-Sejnowski, 1988)"
"410","QIAN880131","Prop288","Weights for coil at the window position of -2 (Qian-Sejnowski, 1988)"
"411","QIAN880132","Prop289","Weights for coil at the window position of -1 (Qian-Sejnowski, 1988)"
"412","QIAN880133","Prop290","Weights for coil at the window position of 0 (Qian-Sejnowski, 1988)"
"413","QIAN880134","Prop291","Weights for coil at the window position of 1 (Qian-Sejnowski, 1988)"
"414","QIAN880135","Prop292","Weights for coil at the window position of 2 (Qian-Sejnowski, 1988)"
"415","QIAN880136","Prop293","Weights for coil at the window position of 3 (Qian-Sejnowski, 1988)"
"416","QIAN880137","Prop294","Weights for coil at the window position of 4 (Qian-Sejnowski, 1988)"
"417","QIAN880138","Prop295","Weights for coil at the window position of 5 (Qian-Sejnowski, 1988)"
"418","QIAN880139","Prop296","Weights for coil at the window position of 6 (Qian-Sejnowski, 1988)"
"419","RACS770101","Prop297","Average reduced distance for C-alpha (Rackovsky-Scheraga, 1977)"
"420","RACS770102","Prop298","Average reduced distance for side chain (Rackovsky-Scheraga, 1977)"
"421","RACS770103","Prop299","Side chain orientational preference (Rackovsky-Scheraga, 1977)"
"422","RACS820101","Prop300","Average relative fractional occurrence in A0(i) (Rackovsky-Scheraga, 1982)"
"423","RACS820102","Prop301","Average relative fractional occurrence in AR(i) (Rackovsky-Scheraga, 1982)"
"424","RACS820103","Prop302","Average relative fractional occurrence in AL(i) (Rackovsky-Scheraga, 1982)"
"425","RACS820104","Prop303","Average relative fractional occurrence in EL(i) (Rackovsky-Scheraga, 1982)"
"426","RACS820105","Prop304","Average relative fractional occurrence in E0(i) (Rackovsky-Scheraga, 1982)"
"427","RACS820106","Prop305","Average relative fractional occurrence in ER(i) (Rackovsky-Scheraga, 1982)"
"428","RACS820107","Prop306","Average relative fractional occurrence in A0(i-1) (Rackovsky-Scheraga, 1982)"
"429","RACS820108","Prop307","Average relative fractional occurrence in AR(i-1) (Rackovsky-Scheraga, 1982)"
"430","RACS820109","Prop308","Average relative fractional occurrence in AL(i-1) (Rackovsky-Scheraga, 1982)"
"431","RACS820110","Prop309","Average relative fractional occurrence in EL(i-1) (Rackovsky-Scheraga, 1982)"
"432","RACS820111","Prop310","Average relative fractional occurrence in E0(i-1) (Rackovsky-Scheraga, 1982)"
"433","RACS820112","Prop311","Average relative fractional occurrence in ER(i-1) (Rackovsky-Scheraga, 1982)"
"434","RACS820113","Prop312","Value of theta(i) (Rackovsky-Scheraga, 1982)"
"435","RACS820114","Prop313","Value of theta(i-1) (Rackovsky-Scheraga, 1982)"
"436","RADA880101","Prop314","Transfer free energy from chx to wat (Radzicka-Wolfenden, 1988)"
"437","RADA880102","Prop315","Transfer free energy from oct to wat (Radzicka-Wolfenden, 1988)"
"438","RADA880103","Prop316","Transfer free energy from vap to chx (Radzicka-Wolfenden, 1988)"
"439","RADA880104","Prop317","Transfer free energy from chx to oct (Radzicka-Wolfenden, 1988)"
"440","RADA880105","Prop318","Transfer free energy from vap to oct (Radzicka-Wolfenden, 1988)"
"441","RADA880106","Prop319","Accessible surface area (Radzicka-Wolfenden, 1988)"
"442","RADA880107","Prop320","Energy transfer from out to in(95%buried) (Radzicka-Wolfenden, 1988)"
"443","RADA880108","Prop321","Mean polarity (Radzicka-Wolfenden, 1988)"
"444","RICJ880101","Prop322","Relative preference value at N"" (Richardson-Richardson, 1988)"
"445","RICJ880102","Prop323","Relative preference value at N' (Richardson-Richardson, 1988)"
"446","RICJ880103","Prop324","Relative preference value at N-cap (Richardson-Richardson, 1988)"
"447","RICJ880104","Prop325","Relative preference value at N1 (Richardson-Richardson, 1988)"
"448","RICJ880105","Prop326","Relative preference value at N2 (Richardson-Richardson, 1988)"
"449","RICJ880106","Prop327","Relative preference value at N3 (Richardson-Richardson, 1988)"
"450","RICJ880107","Prop328","Relative preference value at N4 (Richardson-Richardson, 1988)"
"451","RICJ880108","Prop329","Relative preference value at N5 (Richardson-Richardson, 1988)"
"452","RICJ880109","Prop330","Relative preference value at Mid (Richardson-Richardson, 1988)"
"453","RICJ880110","Prop331","Relative preference value at C5 (Richardson-Richardson, 1988)"
"454","RICJ880111","Prop332","Relative preference value at C4 (Richardson-Richardson, 1988)"
"455","RICJ880112","Prop333","Relative preference value at C3 (Richardson-Richardson, 1988)"
"456","RICJ880113","Prop334","Relative preference value at C2 (Richardson-Richardson, 1988)"
"457","RICJ880114","Prop335","Relative preference value at C1 (Richardson-Richardson, 1988)"
"458","RICJ880115","Prop336","Relative preference value at C-cap (Richardson-Richardson, 1988)"
"459","RICJ880116","Prop337","Relative preference value at C' (Richardson-Richardson, 1988)"
"460","RICJ880117","Prop338","Relative preference value at C"" (Richardson-Richardson, 1988)"
"461","ROBB760101","Prop339","Information measure for alpha-helix (Robson-Suzuki, 1976)"
"462","ROBB760102","Prop340","Information measure for N-terminal helix (Robson-Suzuki, 1976)"
"463","ROBB760103","Prop341","Information measure for middle helix (Robson-Suzuki, 1976)"
"464","ROBB760104","Prop342","Information measure for C-terminal helix (Robson-Suzuki, 1976)"
"465","ROBB760105","Prop343","Information measure for extended (Robson-Suzuki, 1976)"
"466","ROBB760106","Prop344","Information measure for pleated-sheet (Robson-Suzuki, 1976)"
"467","ROBB760107","Prop345","Information measure for extended without H-bond (Robson-Suzuki, 1976)"
"468","ROBB760108","Prop346","Information measure for turn (Robson-Suzuki, 1976)"
"469","ROBB760109","Prop347","Information measure for N-terminal turn (Robson-Suzuki, 1976)"
"470","ROBB760110","Prop348","Information measure for middle turn (Robson-Suzuki, 1976)"
"471","ROBB760111","Prop349","Information measure for C-terminal turn (Robson-Suzuki, 1976)"
"472","ROBB760112","Prop350","Information measure for coil (Robson-Suzuki, 1976)"
"473","ROBB760113","Prop351","Information measure for loop (Robson-Suzuki, 1976)"
"474","ROBB790101","Prop352","Hydration free energy (Robson-Osguthorpe, 1979)"
"475","ROSG850101","Prop353","Mean area buried on transfer (Rose et al., 1985)"
"476","ROSG850102","Prop354","Mean fractional area loss (Rose et al., 1985)"
"477","ROSM880101","Prop355","Side chain hydropathy, uncorrected for solvation (Roseman, 1988)"
"478","ROSM880102","Prop356","Side chain hydropathy, corrected for solvation (Roseman, 1988)"
"479","ROSM880103","Prop357","Loss of Side chain hydropathy by helix formation (Roseman, 1988)"
"480","ROSM880104","Prop524","Hydropathies of amino acid side chains, neutral form (Roseman, 1988)"
"481","ROSM880105","Prop525","Hydropathies of amino acid side chains, pi-values in pH 7.0 (Roseman, 1988)"
"482","SIMZ760101","Prop358","Transfer free energy (Simon, 1976), Cited by Charton-Charton (1982)"
"483","SNEP660101","Prop359","Principal component I (Sneath, 1966)"
"484","SNEP660102","Prop360","Principal component II (Sneath, 1966)"
"485","SNEP660103","Prop361","Principal component III (Sneath, 1966)"
"486","SNEP660104","Prop362","Principal component IV (Sneath, 1966)"
"487","SUEM840101","Prop363","Zimm-Bragg parameter s at 20 C (Sueki et al., 1984)"
"488","SUEM840102","Prop364","Zimm-Bragg parameter sigma x 1.0E4 (Sueki et al., 1984)"
"489","SUYM030101","Prop498","Linker propensity index (Suyama-Ohara, 2003)"
"490","SWER830101","Prop365","Optimal matching hydrophobicity (Sweet-Eisenberg, 1983)"
"491","TAKK010101","Prop444","Side-chain contribution to protein stability (kJ/mol) (Takano-Yutani, 2001)"
"492","TANS770101","Prop366","Normalized frequency of alpha-helix (Tanaka-Scheraga, 1977)"
"493","TANS770102","Prop367","Normalized frequency of isolated helix (Tanaka-Scheraga, 1977)"
"494","TANS770103","Prop368","Normalized frequency of extended structure (Tanaka-Scheraga, 1977)"
"495","TANS770104","Prop369","Normalized frequency of chain reversal R (Tanaka-Scheraga, 1977)"
"496","TANS770105","Prop370","Normalized frequency of chain reversal S (Tanaka-Scheraga, 1977)"
"497","TANS770106","Prop371","Normalized frequency of chain reversal D (Tanaka-Scheraga, 1977)"
"498","TANS770107","Prop372","Normalized frequency of left-handed helix (Tanaka-Scheraga, 1977)"
"499","TANS770108","Prop373","Normalized frequency of zeta R (Tanaka-Scheraga, 1977)"
"500","TANS770109","Prop374","Normalized frequency of coil (Tanaka-Scheraga, 1977)"
"501","TANS770110","Prop375","Normalized frequency of chain reversal (Tanaka-Scheraga, 1977)"
"502","TSAJ990101","Prop484","Volumes including the crystallographic waters using the ProtOr (Tsai et al., 1999)"
"503","TSAJ990102","Prop485","Volumes not including the crystallographic waters using the ProtOr (Tsai et al., 1999)"
"504","VASM830101","Prop376","Relative population of conformational state A (Vasquez et al., 1983)"
"505","VASM830102","Prop377","Relative population of conformational state C (Vasquez et al., 1983)"
"506","VASM830103","Prop378","Relative population of conformational state E (Vasquez et al., 1983)"
"507","VELV850101","Prop379","Electron-ion interaction potential (Veljkovic et al., 1985)"
"508","VENT840101","Prop380","Bitterness (Venanzi, 1984)"
"509","VHEG790101","Prop381","Transfer free energy to lipophilic phase (von Heijne-Blomberg, 1979)"
"510","VINM940101","Prop425","Normalized flexibility parameters (B-values), average (Vihinen et al., 1994)"
"511","VINM940102","Prop426","Normalized flexibility parameters (B-values) for each residue surrounded by none rigid neighbours (Vihinen et al., 1994)"
"512","VINM940103","Prop427","Normalized flexibility parameters (B-values) for each residue surrounded by one rigid neighbours (Vihinen et al., 1994)"
"513","VINM940104","Prop428","Normalized flexibility parameters (B-values) for each residue surrounded by two rigid neighbours (Vihinen et al., 1994)"
"514","WARP780101","Prop382","Average interactions per side chain atom (Warme-Morgan, 1978)"
"515","WEBA780101","Prop383","RF value in high salt chromatography (Weber-Lacey, 1978)"
"516","WERD780101","Prop384","Propensity to be buried inside (Wertz-Scheraga, 1978)"
"517","WERD780102","Prop385","Free energy change of epsilon(i) to epsilon(ex) (Wertz-Scheraga, 1978)"
"518","WERD780103","Prop386","Free energy change of alpha(Ri) to alpha(Rh) (Wertz-Scheraga, 1978)"
"519","WERD780104","Prop387","Free energy change of epsilon(i) to alpha(Rh) (Wertz-Scheraga, 1978)"
"520","WILM950101","Prop488","Hydrophobicity coefficient in RP-HPLC, C18 with 0.1%TFA/MeCN/H2O (Wilce et al. 1995)"
"521","WILM950102","Prop489","Hydrophobicity coefficient in RP-HPLC, C8 with 0.1%TFA/MeCN/H2O (Wilce et al. 1995)"
"522","WILM950103","Prop490","Hydrophobicity coefficient in RP-HPLC, C4 with 0.1%TFA/MeCN/H2O (Wilce et al. 1995)"
"523","WILM950104","Prop491","Hydrophobicity coefficient in RP-HPLC, C18 with 0.1%TFA/2-PrOH/MeCN/H2O (Wilce et al. 1995)"
"524","WIMW960101","Prop434","Free energies of transfer of AcWl-X-LL peptides from bilayer interface to water (Wimley-White, 1996)"
"525","WOEC730101","Prop388","Polar requirement (Woese, 1973)"
"526","WOLR790101","Prop517","Hydrophobicity index (Wolfenden et al., 1979)"
"527","WOLR810101","Prop389","Hydration potential (Wolfenden et al., 1981)"
"528","WOLS870101","Prop390","Principal property value z1 (Wold et al., 1987)"
"529","WOLS870102","Prop391","Principal property value z2 (Wold et al., 1987)"
"530","WOLS870103","Prop392","Principal property value z3 (Wold et al., 1987)"
"531","YANJ020101","Prop482","Side-chain conformation by gaussian evolutionary method (Yang et al., 2002)"
"532","YUTK870101","Prop393","Unfolding Gibbs energy in water, pH7.0 (Yutani et al., 1987)"
"533","YUTK870102","Prop394","Unfolding Gibbs energy in water, pH9.0 (Yutani et al., 1987)"
"534","YUTK870103","Prop395","Activation Gibbs energy of unfolding, pH7.0 (Yutani et al., 1987)"
"535","YUTK870104","Prop396","Activation Gibbs energy of unfolding, pH9.0 (Yutani et al., 1987)"
"536","ZASB820101","Prop397","Dependence of partition coefficient on ionic strength (Zaslavsky et al., 1982)"
"537","ZHOH040101","Prop510","The stability scale from the knowledge-based atom-atom potential (Zhou-Zhou, 2004)"
"538","ZHOH040102","Prop511","The relative stability scale extracted from mutation experiments (Zhou-Zhou, 2004)"
"539","ZHOH040103","Prop512","Buriability (Zhou-Zhou, 2004)"
"540","ZIMJ680101","Prop398","Hydrophobicity (Zimmerman et al., 1968)"
"541","ZIMJ680102","Prop399","Bulkiness (Zimmerman et al., 1968)"
"542","ZIMJ680103","Prop400","Polarity (Zimmerman et al., 1968)"
"543","ZIMJ680104","Prop401","Isoelectric point (Zimmerman et al., 1968)"
"544","ZIMJ680105","Prop402","RF rank (Zimmerman et al., 1968)"
